{
  "v": "4.6.2",
  "fr": 25,
  "ip": 0,
  "op": 51,
  "w": 106,
  "h": 106,
  "nm": "read_img_light",
  "ddd": 0,
  "assets": [],
  "layers": [
    {
      "ddd": 0,
      "ind": 1,
      "ty": 4,
      "nm": "形状图层 2",
      "td": 1,
      "ks": {
        "o": { "a": 0, "k": 100 },
        "r": { "a": 0, "k": 0 },
        "p": {
          "a": 1,
          "k": [
            {
              "i": { "x": 0.833, "y": 0.833 },
              "o": { "x": 0.167, "y": 0.167 },
              "n": "0p833_0p833_0p167_0p167",
              "t": 0,
              "s": [-7.25, 45.25, 0],
              "e": [175.75, 45.25, 0],
              "to": [30.5, 0, 0],
              "ti": [3.33333325386047, 0, 0]
            },
            {
              "i": { "x": 0.833, "y": 0.833 },
              "o": { "x": 0.167, "y": 0.167 },
              "n": "0p833_0p833_0p167_0p167",
              "t": 25,
              "s": [175.75, 45.25, 0],
              "e": [-27.25, 45.25, 0],
              "to": [-3.33333325386047, 0, 0],
              "ti": [33.8333320617676, 0, 0]
            },
            { "t": 50 }
          ]
        },
        "a": { "a": 0, "k": [0, 0, 0] },
        "s": { "a": 0, "k": [100, 100, 100] }
      },
      "ao": 0,
      "shapes": [
        {
          "ty": "gr",
          "it": [
            {
              "ty": "rc",
              "d": 1,
              "s": { "a": 0, "k": [7.5, 77.5] },
              "p": { "a": 0, "k": [0, 0] },
              "r": { "a": 0, "k": 0 },
              "nm": "矩形路径 1",
              "mn": "ADBE Vector Shape - Rect"
            },
            {
              "ty": "fl",
              "c": { "a": 0, "k": [1, 1, 1, 1] },
              "o": { "a": 0, "k": 100 },
              "r": 1,
              "nm": "填充 1",
              "mn": "ADBE Vector Graphic - Fill"
            },
            {
              "ty": "tr",
              "p": { "a": 0, "k": [-14.75, 7.75], "ix": 2 },
              "a": { "a": 0, "k": [0, 0], "ix": 1 },
              "s": { "a": 0, "k": [100, 181.248], "ix": 3 },
              "r": { "a": 0, "k": 34.959, "ix": 6 },
              "o": { "a": 0, "k": 100, "ix": 7 },
              "sk": { "a": 0, "k": 0, "ix": 4 },
              "sa": { "a": 0, "k": 0, "ix": 5 },
              "nm": "变换"
            }
          ],
          "nm": "矩形 1",
          "np": 3,
          "cix": 2,
          "ix": 1,
          "mn": "ADBE Vector Group"
        }
      ],
      "ip": 0,
      "op": 51,
      "st": 0,
      "bm": 0,
      "sr": 1
    },
    {
      "ddd": 0,
      "ind": 2,
      "ty": 4,
      "nm": "形状图层 1",
      "tt": 1,
      "ks": {
        "o": { "a": 0, "k": 100 },
        "r": { "a": 0, "k": 0 },
        "p": { "a": 0, "k": [42.75, 42.25, 0] },
        "a": { "a": 0, "k": [0, 0, 0] },
        "s": { "a": 0, "k": [100, 100, 100] }
      },
      "ao": 0,
      "shapes": [
        {
          "ty": "gr",
          "it": [
            {
              "d": 1,
              "ty": "el",
              "s": { "a": 0, "k": [106, 106] },
              "p": { "a": 0, "k": [0, 0] },
              "nm": "椭圆路径 1",
              "mn": "ADBE Vector Shape - Ellipse"
            },
            {
              "ty": "fl",
              "c": { "a": 0, "k": [1, 1, 1, 1] },
              "o": { "a": 0, "k": 100 },
              "r": 1,
              "nm": "填充 1",
              "mn": "ADBE Vector Graphic - Fill"
            },
            {
              "ty": "tr",
              "p": { "a": 0, "k": [10.25, 10.75], "ix": 2 },
              "a": { "a": 0, "k": [0, 0], "ix": 1 },
              "s": { "a": 0, "k": [100, 100], "ix": 3 },
              "r": { "a": 0, "k": 0, "ix": 6 },
              "o": { "a": 0, "k": 100, "ix": 7 },
              "sk": { "a": 0, "k": 0, "ix": 4 },
              "sa": { "a": 0, "k": 0, "ix": 5 },
              "nm": "变换"
            }
          ],
          "nm": "椭圆 1",
          "np": 3,
          "cix": 2,
          "ix": 1,
          "mn": "ADBE Vector Group"
        }
      ],
      "ip": 0,
      "op": 51,
      "st": 0,
      "bm": 0,
      "sr": 1
    }
  ]
}
