{"v":"4.6.2","fr":25,"ip":0,"op":50,"w":108,"h":108,"nm":"task_buoy_invite","ddd":0,"assets":[{"id":"comp_0","layers":[{"ddd":0,"ind":1,"ty":4,"nm":"形状图层 15","ks":{"o":{"a":0,"k":100},"r":{"a":0,"k":0},"p":{"a":0,"k":[86.25,62.75,0]},"a":{"a":0,"k":[0,0,0]},"s":{"a":0,"k":[100,100,100]}},"ao":0,"shapes":[{"ty":"gr","it":[{"ind":0,"ty":"sh","ks":{"a":0,"k":{"i":[[0,0],[0,0],[0,0],[0,0]],"o":[[0,0],[0,0],[0,0],[0,0]],"v":[[14.5,2.5],[-14.5,2.5],[-14.5,-2.5],[14.5,-2.5]],"c":true}},"nm":"路径 1","mn":"ADBE Vector Shape - Group"},{"ty":"fl","c":{"a":0,"k":[1,0.8313725,0.6509804,1]},"o":{"a":0,"k":100},"r":1,"nm":"填充 1","mn":"ADBE Vector Graphic - Fill"},{"ty":"tr","p":{"a":0,"k":[0,0],"ix":2},"a":{"a":0,"k":[0,0],"ix":1},"s":{"a":0,"k":[100,100],"ix":3},"r":{"a":0,"k":0,"ix":6},"o":{"a":0,"k":100,"ix":7},"sk":{"a":0,"k":0,"ix":4},"sa":{"a":0,"k":0,"ix":5},"nm":"变换"}],"nm":"形状 1","np":3,"cix":2,"ix":1,"mn":"ADBE Vector Group"}],"ip":0,"op":250,"st":0,"bm":0,"sr":1},{"ddd":0,"ind":2,"ty":4,"nm":"形状图层 14","ks":{"o":{"a":0,"k":100},"r":{"a":0,"k":0},"p":{"a":0,"k":[44,54,0]},"a":{"a":0,"k":[0,0,0]},"s":{"a":0,"k":[100,100,100]}},"ao":0,"shapes":[{"ty":"gr","it":[{"ind":0,"ty":"sh","ks":{"a":0,"k":{"i":[[1.074,0.867],[1.363,0],[0,0],[0,1.569],[0,0],[0,0],[0,0],[0,0],[0,0],[0,0],[8.591,-3.222],[-0.579,-1.239],[-0.743,9],[0,0],[0,0],[-4.668,0],[0,0],[-0.496,7.394]],"o":[[-0.207,5.948],[0,0],[-1.363,0],[0,0],[0,0],[0,0],[0,0],[0,0],[0,0],[-0.496,7],[1.115,0.95],[9.872,-4.006],[0,0],[0,0],[0,4.833],[0,0],[4.213,0],[-1.363,-0.33]],"v":[[14.725,-0.14],[12.908,6.675],[9.19,6.675],[7.596,5.272],[7.596,-7.325],[18.596,-7.325],[18.596,-12.325],[-18.404,-12.325],[-18.404,-7.325],[-9.025,-7.325],[-19.269,8.308],[-16.212,12.325],[-3.697,-7.325],[2.596,-7.325],[2.596,5.272],[8.364,11.675],[13.321,11.675],[19.269,2.029]],"c":true}},"nm":"路径 1","mn":"ADBE Vector Shape - Group"},{"ty":"fl","c":{"a":0,"k":[1,0.8313725,0.6509804,1]},"o":{"a":0,"k":100},"r":1,"nm":"填充 1","mn":"ADBE Vector Graphic - Fill"},{"ty":"tr","p":{"a":0,"k":[42.25,28.75],"ix":2},"a":{"a":0,"k":[0,0],"ix":1},"s":{"a":0,"k":[100,100],"ix":3},"r":{"a":0,"k":0,"ix":6},"o":{"a":0,"k":100,"ix":7},"sk":{"a":0,"k":0,"ix":4},"sa":{"a":0,"k":0,"ix":5},"nm":"变换"}],"nm":"形状 1","np":3,"cix":2,"ix":1,"mn":"ADBE Vector Group"}],"ip":0,"op":250,"st":0,"bm":0,"sr":1},{"ddd":0,"ind":3,"ty":4,"nm":"形状图层 11","ks":{"o":{"a":0,"k":100},"r":{"a":0,"k":0},"p":{"a":0,"k":[54.977,68.596,0]},"a":{"a":0,"k":[-12.273,14.596,0]},"s":{"a":0,"k":[100,100,100]}},"ao":0,"shapes":[{"ty":"gr","it":[{"ind":0,"ty":"sh","ks":{"a":0,"k":{"i":[[-2.086,-0.03],[0,3.927],[0.491,0.859],[1.042,0],[0.521,-0.858],[0,-1.442]],"o":[[2.025,-0.03],[0,-1.473],[-0.491,-0.858],[-1.043,0],[-0.522,0.859],[0,3.958]],"v":[[0.023,-3.543],[3.06,-9.48],[2.323,-12.977],[0.023,-14.265],[-2.324,-12.977],[-3.106,-9.525]],"c":true}},"nm":"路径 1","mn":"ADBE Vector Shape - Group"},{"ty":"fl","c":{"a":0,"k":[1,0.3176471,0.5254902,1]},"o":{"a":0,"k":100},"r":1,"nm":"填充 1","mn":"ADBE Vector Graphic - Fill"},{"ty":"tr","p":{"a":0,"k":[-12.25,23.5],"ix":2},"a":{"a":0,"k":[0,0],"ix":1},"s":{"a":0,"k":[100,100],"ix":3},"r":{"a":0,"k":0,"ix":6},"o":{"a":0,"k":100,"ix":7},"sk":{"a":0,"k":0,"ix":4},"sa":{"a":0,"k":0,"ix":5},"nm":"变换"}],"nm":"形状 1","np":3,"cix":2,"ix":1,"mn":"ADBE Vector Group"}],"ip":0,"op":250,"st":0,"bm":0,"sr":1},{"ddd":0,"ind":4,"ty":4,"nm":"形状图层 10","ks":{"o":{"a":0,"k":100},"r":{"a":0,"k":0},"p":{"a":0,"k":[54.977,86.096,0]},"a":{"a":0,"k":[-12.273,14.596,0]},"s":{"a":0,"k":[100,100,100]}},"ao":0,"shapes":[{"ty":"gr","it":[{"ind":0,"ty":"sh","ks":{"a":0,"k":{"i":[[-2.086,-0.03],[0,3.927],[0.491,0.859],[1.042,0],[0.521,-0.858],[0,-1.442]],"o":[[2.025,-0.03],[0,-1.473],[-0.491,-0.858],[-1.043,0],[-0.522,0.859],[0,3.958]],"v":[[0.023,-3.543],[3.06,-9.48],[2.323,-12.977],[0.023,-14.265],[-2.324,-12.977],[-3.106,-9.525]],"c":true}},"nm":"路径 1","mn":"ADBE Vector Shape - Group"},{"ty":"fl","c":{"a":0,"k":[1,0.3176471,0.5254902,1]},"o":{"a":0,"k":100},"r":1,"nm":"填充 1","mn":"ADBE Vector Graphic - Fill"},{"ty":"tr","p":{"a":0,"k":[-12.25,23.5],"ix":2},"a":{"a":0,"k":[0,0],"ix":1},"s":{"a":0,"k":[100,100],"ix":3},"r":{"a":0,"k":0,"ix":6},"o":{"a":0,"k":100,"ix":7},"sk":{"a":0,"k":0,"ix":4},"sa":{"a":0,"k":0,"ix":5},"nm":"变换"}],"nm":"形状 1","np":3,"cix":2,"ix":1,"mn":"ADBE Vector Group"}],"ip":0,"op":250,"st":0,"bm":0,"sr":1},{"ddd":0,"ind":5,"ty":4,"nm":"形状图层 13","ks":{"o":{"a":0,"k":100},"r":{"a":0,"k":0},"p":{"a":0,"k":[44,54,0]},"a":{"a":0,"k":[0,0,0]},"s":{"a":0,"k":[100,100,100]}},"ao":0,"shapes":[],"ip":0,"op":250,"st":0,"bm":0,"sr":1},{"ddd":0,"ind":6,"ty":4,"nm":"形状图层 12","ks":{"o":{"a":0,"k":100},"r":{"a":0,"k":0},"p":{"a":0,"k":[54.75,78,0]},"a":{"a":0,"k":[0,0,0]},"s":{"a":0,"k":[100,100,100]}},"ao":0,"shapes":[{"ty":"gr","it":[{"ind":0,"ty":"sh","ks":{"a":0,"k":{"i":[[2.975,1.688],[0,3.896],[1.534,1.688],[3.006,0],[1.565,-1.687],[0,-3.006],[-0.706,-1.396],[-1.197,-0.829],[0,-4.356],[-6.473,0],[0,7.333]],"o":[[2.577,-1.749],[0,-3.006],[-1.534,-1.687],[-2.976,0],[-1.564,1.688],[0,2.025],[0.705,1.396],[-2.976,1.656],[0,7.424],[6.473,0],[0,-4.418]],"v":[[5.246,-1.058],[9.111,-9.526],[6.811,-16.566],[0,-19.097],[-6.811,-16.566],[-9.157,-9.526],[-8.099,-4.395],[-5.246,-1.058],[-9.709,7.961],[0,19.097],[9.709,8.099]],"c":true}},"nm":"路径 1","mn":"ADBE Vector Shape - Group"},{"ty":"fl","c":{"a":0,"k":[1,0.8313725,0.6509804,1]},"o":{"a":0,"k":100},"r":1,"nm":"填充 1","mn":"ADBE Vector Graphic - Fill"},{"ty":"tr","p":{"a":0,"k":[0,0],"ix":2},"a":{"a":0,"k":[0,0],"ix":1},"s":{"a":0,"k":[100,100],"ix":3},"r":{"a":0,"k":0,"ix":6},"o":{"a":0,"k":100,"ix":7},"sk":{"a":0,"k":0,"ix":4},"sa":{"a":0,"k":0,"ix":5},"nm":"变换"}],"nm":"形状 1","np":3,"cix":2,"ix":1,"mn":"ADBE Vector Group"}],"ip":0,"op":250,"st":0,"bm":0,"sr":1},{"ddd":0,"ind":7,"ty":4,"nm":"形状图层 9","ks":{"o":{"a":0,"k":100},"r":{"a":0,"k":0},"p":{"a":0,"k":[31.477,86.096,0]},"a":{"a":0,"k":[-12.273,14.596,0]},"s":{"a":0,"k":[100,100,100]}},"ao":0,"shapes":[{"ty":"gr","it":[{"ind":0,"ty":"sh","ks":{"a":0,"k":{"i":[[-2.086,-0.03],[0,3.927],[0.491,0.859],[1.042,0],[0.521,-0.858],[0,-1.442]],"o":[[2.025,-0.03],[0,-1.473],[-0.491,-0.858],[-1.043,0],[-0.522,0.859],[0,3.958]],"v":[[0.023,-3.543],[3.06,-9.48],[2.323,-12.977],[0.023,-14.265],[-2.324,-12.977],[-3.106,-9.525]],"c":true}},"nm":"路径 1","mn":"ADBE Vector Shape - Group"},{"ty":"fl","c":{"a":0,"k":[1,0.3176471,0.5254902,1]},"o":{"a":0,"k":100},"r":1,"nm":"填充 1","mn":"ADBE Vector Graphic - Fill"},{"ty":"tr","p":{"a":0,"k":[-12.25,23.5],"ix":2},"a":{"a":0,"k":[0,0],"ix":1},"s":{"a":0,"k":[100,100],"ix":3},"r":{"a":0,"k":0,"ix":6},"o":{"a":0,"k":100,"ix":7},"sk":{"a":0,"k":0,"ix":4},"sa":{"a":0,"k":0,"ix":5},"nm":"变换"}],"nm":"形状 1","np":3,"cix":2,"ix":1,"mn":"ADBE Vector Group"}],"ip":0,"op":250,"st":0,"bm":0,"sr":1},{"ddd":0,"ind":8,"ty":4,"nm":"形状图层 8","ks":{"o":{"a":0,"k":100},"r":{"a":0,"k":0},"p":{"a":0,"k":[31.477,68.596,0]},"a":{"a":0,"k":[-12.273,14.596,0]},"s":{"a":0,"k":[100,100,100]}},"ao":0,"shapes":[{"ty":"gr","it":[{"ind":0,"ty":"sh","ks":{"a":0,"k":{"i":[[-2.086,-0.03],[0,3.927],[0.491,0.859],[1.042,0],[0.521,-0.858],[0,-1.442]],"o":[[2.025,-0.03],[0,-1.473],[-0.491,-0.858],[-1.043,0],[-0.522,0.859],[0,3.958]],"v":[[0.023,-3.543],[3.06,-9.48],[2.323,-12.977],[0.023,-14.265],[-2.324,-12.977],[-3.106,-9.525]],"c":true}},"nm":"路径 1","mn":"ADBE Vector Shape - Group"},{"ty":"fl","c":{"a":0,"k":[1,0.3176471,0.5254902,1]},"o":{"a":0,"k":100},"r":1,"nm":"填充 1","mn":"ADBE Vector Graphic - Fill"},{"ty":"tr","p":{"a":0,"k":[-12.25,23.5],"ix":2},"a":{"a":0,"k":[0,0],"ix":1},"s":{"a":0,"k":[100,100],"ix":3},"r":{"a":0,"k":0,"ix":6},"o":{"a":0,"k":100,"ix":7},"sk":{"a":0,"k":0,"ix":4},"sa":{"a":0,"k":0,"ix":5},"nm":"变换"}],"nm":"形状 1","np":3,"cix":2,"ix":1,"mn":"ADBE Vector Group"}],"ip":0,"op":250,"st":0,"bm":0,"sr":1},{"ddd":0,"ind":9,"ty":4,"nm":"形状图层 7","ks":{"o":{"a":0,"k":100},"r":{"a":0,"k":0},"p":{"a":0,"k":[31.25,78,0]},"a":{"a":0,"k":[0,0,0]},"s":{"a":0,"k":[100,100,100]}},"ao":0,"shapes":[{"ty":"gr","it":[{"ind":0,"ty":"sh","ks":{"a":0,"k":{"i":[[2.975,1.688],[0,3.896],[1.534,1.688],[3.006,0],[1.565,-1.687],[0,-3.006],[-0.706,-1.396],[-1.197,-0.829],[0,-4.356],[-6.473,0],[0,7.333]],"o":[[2.577,-1.749],[0,-3.006],[-1.534,-1.687],[-2.976,0],[-1.564,1.688],[0,2.025],[0.705,1.396],[-2.976,1.656],[0,7.424],[6.473,0],[0,-4.418]],"v":[[5.246,-1.058],[9.111,-9.526],[6.811,-16.566],[0,-19.097],[-6.811,-16.566],[-9.157,-9.526],[-8.099,-4.395],[-5.246,-1.058],[-9.709,7.961],[0,19.097],[9.709,8.099]],"c":true}},"nm":"路径 1","mn":"ADBE Vector Shape - Group"},{"ty":"fl","c":{"a":0,"k":[1,0.8313725,0.6509804,1]},"o":{"a":0,"k":100},"r":1,"nm":"填充 1","mn":"ADBE Vector Graphic - Fill"},{"ty":"tr","p":{"a":0,"k":[0,0],"ix":2},"a":{"a":0,"k":[0,0],"ix":1},"s":{"a":0,"k":[100,100],"ix":3},"r":{"a":0,"k":0,"ix":6},"o":{"a":0,"k":100,"ix":7},"sk":{"a":0,"k":0,"ix":4},"sa":{"a":0,"k":0,"ix":5},"nm":"变换"}],"nm":"形状 1","np":3,"cix":2,"ix":1,"mn":"ADBE Vector Group"}],"ip":0,"op":250,"st":0,"bm":0,"sr":1},{"ddd":0,"ind":10,"ty":4,"nm":"形状图层 6","ks":{"o":{"a":0,"k":100},"r":{"a":0,"k":0},"p":{"a":0,"k":[10.25,78.75,0]},"a":{"a":0,"k":[0,0,0]},"s":{"a":0,"k":[100,100,100]}},"ao":0,"shapes":[{"ty":"gr","it":[{"ind":0,"ty":"sh","ks":{"a":0,"k":{"i":[[1.456,-0.752],[1,-0.429],[0,0],[-1.564,0.46],[0,0.215],[0,0],[0,0],[0,0],[0,0]],"o":[[-1.458,0.752],[0,0],[0,-0.03],[1.933,-0.49],[0,0],[0,0],[0,0],[0,0],[-0.675,1]],"v":[[-2.116,-16.187],[-6,-14.426],[-6,-9.686],[-3.983,-10.423],[-1,-11.481],[-1,18.5],[6,18.5],[6,-18.5],[0.939,-18.5]],"c":true}},"nm":"路径 1","mn":"ADBE Vector Shape - Group"},{"ty":"fl","c":{"a":0,"k":[1,0.8313725,0.6509804,1]},"o":{"a":0,"k":100},"r":1,"nm":"填充 1","mn":"ADBE Vector Graphic - Fill"},{"ty":"tr","p":{"a":0,"k":[0,0],"ix":2},"a":{"a":0,"k":[0,0],"ix":1},"s":{"a":0,"k":[100,100],"ix":3},"r":{"a":0,"k":0,"ix":6},"o":{"a":0,"k":100,"ix":7},"sk":{"a":0,"k":0,"ix":4},"sa":{"a":0,"k":0,"ix":5},"nm":"变换"}],"nm":"形状 1","np":3,"cix":2,"ix":1,"mn":"ADBE Vector Group"}],"ip":0,"op":250,"st":0,"bm":0,"sr":1}]},{"id":"comp_1","layers":[{"ddd":0,"ind":1,"ty":4,"nm":"形状图层 13","ks":{"o":{"a":0,"k":100},"r":{"a":0,"k":237.657},"p":{"a":0,"k":[32.171,28.378,0]},"a":{"a":0,"k":[-34.875,-9.063,0]},"s":{"a":0,"k":[100,100,100]}},"ao":0,"shapes":[{"ty":"gr","it":[{"ind":0,"ty":"sh","ks":{"a":0,"k":{"i":[[0,0],[0,0]],"o":[[0,0],[0,0]],"v":[[-34.875,-9.063],[-38.5,-6.875]],"c":false}},"nm":"路径 1","mn":"ADBE Vector Shape - Group"},{"ty":"tm","s":{"a":1,"k":[{"i":{"x":[0.833],"y":[0.833]},"o":{"x":[0.167],"y":[0.167]},"n":["0p833_0p833_0p167_0p167"],"t":23,"s":[0],"e":[100]},{"t":31}],"ix":1},"e":{"a":1,"k":[{"i":{"x":[0.833],"y":[0.833]},"o":{"x":[0.167],"y":[0.167]},"n":["0p833_0p833_0p167_0p167"],"t":14,"s":[0],"e":[100]},{"t":23}],"ix":2},"o":{"a":0,"k":0,"ix":3},"m":1,"ix":2,"nm":"修剪路径 1","mn":"ADBE Vector Filter - Trim"},{"ty":"st","c":{"a":0,"k":[1,1,1,1]},"o":{"a":0,"k":100},"w":{"a":0,"k":2},"lc":2,"lj":1,"ml":4,"nm":"描边 1","mn":"ADBE Vector Graphic - Stroke"},{"ty":"fl","c":{"a":0,"k":[1,1,1,1]},"o":{"a":0,"k":100},"r":1,"nm":"填充 1","mn":"ADBE Vector Graphic - Fill"},{"ty":"tr","p":{"a":0,"k":[0,0],"ix":2},"a":{"a":0,"k":[0,0],"ix":1},"s":{"a":0,"k":[100,100],"ix":3},"r":{"a":0,"k":0,"ix":6},"o":{"a":0,"k":100,"ix":7},"sk":{"a":0,"k":0,"ix":4},"sa":{"a":0,"k":0,"ix":5},"nm":"变换"}],"nm":"形状 1","np":4,"cix":2,"ix":1,"mn":"ADBE Vector Group"}],"ip":3,"op":33,"st":3,"bm":0,"sr":1},{"ddd":0,"ind":2,"ty":4,"nm":"形状图层 12","ks":{"o":{"a":0,"k":100},"r":{"a":0,"k":160.128},"p":{"a":0,"k":[32.232,16.719,0]},"a":{"a":0,"k":[-34.875,-9.063,0]},"s":{"a":0,"k":[100,100,100]}},"ao":0,"shapes":[{"ty":"gr","it":[{"ind":0,"ty":"sh","ks":{"a":0,"k":{"i":[[0,0],[0,0]],"o":[[0,0],[0,0]],"v":[[-34.875,-9.063],[-38.5,-6.875]],"c":false}},"nm":"路径 1","mn":"ADBE Vector Shape - Group"},{"ty":"tm","s":{"a":1,"k":[{"i":{"x":[0.833],"y":[0.833]},"o":{"x":[0.167],"y":[0.167]},"n":["0p833_0p833_0p167_0p167"],"t":23,"s":[0],"e":[100]},{"t":31}],"ix":1},"e":{"a":1,"k":[{"i":{"x":[0.833],"y":[0.833]},"o":{"x":[0.167],"y":[0.167]},"n":["0p833_0p833_0p167_0p167"],"t":14,"s":[0],"e":[100]},{"t":23}],"ix":2},"o":{"a":0,"k":0,"ix":3},"m":1,"ix":2,"nm":"修剪路径 1","mn":"ADBE Vector Filter - Trim"},{"ty":"st","c":{"a":0,"k":[1,1,1,1]},"o":{"a":0,"k":100},"w":{"a":0,"k":2},"lc":1,"lj":1,"ml":4,"nm":"描边 1","mn":"ADBE Vector Graphic - Stroke"},{"ty":"fl","c":{"a":0,"k":[1,1,1,1]},"o":{"a":0,"k":100},"r":1,"nm":"填充 1","mn":"ADBE Vector Graphic - Fill"},{"ty":"tr","p":{"a":0,"k":[0,0],"ix":2},"a":{"a":0,"k":[0,0],"ix":1},"s":{"a":0,"k":[100,100],"ix":3},"r":{"a":0,"k":0,"ix":6},"o":{"a":0,"k":100,"ix":7},"sk":{"a":0,"k":0,"ix":4},"sa":{"a":0,"k":0,"ix":5},"nm":"变换"}],"nm":"形状 1","np":4,"cix":2,"ix":1,"mn":"ADBE Vector Group"}],"ip":3,"op":33,"st":3,"bm":0,"sr":1},{"ddd":0,"ind":3,"ty":4,"nm":"形状图层 11","ks":{"o":{"a":0,"k":100},"r":{"a":0,"k":66.277},"p":{"a":0,"k":[16.357,16.543,0]},"a":{"a":0,"k":[-34.875,-9.063,0]},"s":{"a":0,"k":[100,100,100]}},"ao":0,"shapes":[{"ty":"gr","it":[{"ind":0,"ty":"sh","ks":{"a":0,"k":{"i":[[0,0],[0,0]],"o":[[0,0],[0,0]],"v":[[-34.875,-9.063],[-38.5,-6.875]],"c":false}},"nm":"路径 1","mn":"ADBE Vector Shape - Group"},{"ty":"tm","s":{"a":1,"k":[{"i":{"x":[0.833],"y":[0.833]},"o":{"x":[0.167],"y":[0.167]},"n":["0p833_0p833_0p167_0p167"],"t":23,"s":[0],"e":[100]},{"t":31}],"ix":1},"e":{"a":1,"k":[{"i":{"x":[0.833],"y":[0.833]},"o":{"x":[0.167],"y":[0.167]},"n":["0p833_0p833_0p167_0p167"],"t":14,"s":[0],"e":[100]},{"t":23}],"ix":2},"o":{"a":0,"k":0,"ix":3},"m":1,"ix":2,"nm":"修剪路径 1","mn":"ADBE Vector Filter - Trim"},{"ty":"st","c":{"a":0,"k":[1,1,1,1]},"o":{"a":0,"k":100},"w":{"a":0,"k":2},"lc":1,"lj":1,"ml":4,"nm":"描边 1","mn":"ADBE Vector Graphic - Stroke"},{"ty":"fl","c":{"a":0,"k":[1,1,1,1]},"o":{"a":0,"k":100},"r":1,"nm":"填充 1","mn":"ADBE Vector Graphic - Fill"},{"ty":"tr","p":{"a":0,"k":[0,0],"ix":2},"a":{"a":0,"k":[0,0],"ix":1},"s":{"a":0,"k":[100,100],"ix":3},"r":{"a":0,"k":0,"ix":6},"o":{"a":0,"k":100,"ix":7},"sk":{"a":0,"k":0,"ix":4},"sa":{"a":0,"k":0,"ix":5},"nm":"变换"}],"nm":"形状 1","np":4,"cix":2,"ix":1,"mn":"ADBE Vector Group"}],"ip":3,"op":33,"st":3,"bm":0,"sr":1},{"ddd":0,"ind":4,"ty":4,"nm":"形状图层 10","ks":{"o":{"a":0,"k":100},"r":{"a":0,"k":0},"p":{"a":0,"k":[17.625,28.438,0]},"a":{"a":0,"k":[-34.875,-9.063,0]},"s":{"a":0,"k":[100,100,100]}},"ao":0,"shapes":[{"ty":"gr","it":[{"ind":0,"ty":"sh","ks":{"a":0,"k":{"i":[[0,0],[0,0]],"o":[[0,0],[0,0]],"v":[[-34.875,-9.063],[-38.5,-6.875]],"c":false}},"nm":"路径 1","mn":"ADBE Vector Shape - Group"},{"ty":"tm","s":{"a":1,"k":[{"i":{"x":[0.833],"y":[0.833]},"o":{"x":[0.167],"y":[0.167]},"n":["0p833_0p833_0p167_0p167"],"t":23,"s":[0],"e":[100]},{"t":31}],"ix":1},"e":{"a":1,"k":[{"i":{"x":[0.833],"y":[0.833]},"o":{"x":[0.167],"y":[0.167]},"n":["0p833_0p833_0p167_0p167"],"t":14,"s":[0],"e":[100]},{"t":23}],"ix":2},"o":{"a":0,"k":0,"ix":3},"m":1,"ix":2,"nm":"修剪路径 1","mn":"ADBE Vector Filter - Trim"},{"ty":"st","c":{"a":0,"k":[1,1,1,1]},"o":{"a":0,"k":100},"w":{"a":0,"k":2},"lc":1,"lj":1,"ml":4,"nm":"描边 1","mn":"ADBE Vector Graphic - Stroke"},{"ty":"fl","c":{"a":0,"k":[1,1,1,1]},"o":{"a":0,"k":100},"r":1,"nm":"填充 1","mn":"ADBE Vector Graphic - Fill"},{"ty":"tr","p":{"a":0,"k":[0,0],"ix":2},"a":{"a":0,"k":[0,0],"ix":1},"s":{"a":0,"k":[100,100],"ix":3},"r":{"a":0,"k":0,"ix":6},"o":{"a":0,"k":100,"ix":7},"sk":{"a":0,"k":0,"ix":4},"sa":{"a":0,"k":0,"ix":5},"nm":"变换"}],"nm":"形状 1","np":4,"cix":2,"ix":1,"mn":"ADBE Vector Group"}],"ip":3,"op":33,"st":3,"bm":0,"sr":1},{"ddd":0,"ind":5,"ty":4,"nm":"形状图层 5","ks":{"o":{"a":1,"k":[{"i":{"x":[0.833],"y":[0.833]},"o":{"x":[0.167],"y":[0.167]},"n":["0p833_0p833_0p167_0p167"],"t":21,"s":[100],"e":[0]},{"t":24}]},"r":{"a":0,"k":0},"p":{"a":0,"k":[24,23,0]},"a":{"a":0,"k":[0,0,0]},"s":{"a":1,"k":[{"i":{"x":[0.833,0.833,0.833],"y":[0.833,0.833,0.833]},"o":{"x":[0.167,0.167,0.167],"y":[0.167,0.167,0.167]},"n":["0p833_0p833_0p167_0p167","0p833_0p833_0p167_0p167","0p833_0p833_0p167_0p167"],"t":5,"s":[47,47,100],"e":[129,129,100]},{"i":{"x":[0.833,0.833,0.833],"y":[0.833,0.833,0.833]},"o":{"x":[0.167,0.167,0.167],"y":[0.167,0.167,0.167]},"n":["0p833_0p833_0p167_0p167","0p833_0p833_0p167_0p167","0p833_0p833_0p167_0p167"],"t":14,"s":[129,129,100],"e":[154,154,100]},{"t":24}]}},"ao":0,"shapes":[{"ty":"gr","it":[{"ind":0,"ty":"sh","ks":{"a":0,"k":{"i":[[-3.317,-6.064],[0,0],[-1.467,-0.802],[0,0],[6.064,-3.317],[0,0],[0.802,-1.467],[0,0],[3.317,6.064],[0,0],[1.467,0.802],[0,0],[-6.064,3.317],[0,0],[-0.802,1.467],[0,0]],"o":[[0,0],[0.802,1.467],[0,0],[6.064,3.317],[0,0],[-1.467,0.802],[0,0],[-3.317,6.064],[0,0],[-0.802,-1.467],[0,0],[-6.064,-3.317],[0,0],[1.467,-0.802],[0,0],[3.317,-6.064]],"v":[[7.671,-40.696],[18.118,-21.594],[21.594,-18.118],[40.696,-7.671],[40.696,7.671],[21.594,18.118],[18.118,21.594],[7.671,40.696],[-7.671,40.696],[-18.118,21.594],[-21.594,18.118],[-40.696,7.671],[-40.696,-7.671],[-21.594,-18.118],[-18.118,-21.594],[-7.671,-40.696]],"c":true}},"nm":"路径 1","mn":"ADBE Vector Shape - Group"},{"ty":"fl","c":{"a":0,"k":[1,1,1,1]},"o":{"a":0,"k":100},"r":1,"nm":"填充 1","mn":"ADBE Vector Graphic - Fill"},{"ty":"tr","p":{"a":0,"k":[0,0],"ix":2},"a":{"a":0,"k":[0,0],"ix":1},"s":{"a":0,"k":[12.322,12.322],"ix":3},"r":{"a":0,"k":0,"ix":6},"o":{"a":0,"k":100,"ix":7},"sk":{"a":0,"k":0,"ix":4},"sa":{"a":0,"k":0,"ix":5},"nm":"变换"}],"nm":"形状 1","np":3,"cix":2,"ix":1,"mn":"ADBE Vector Group"}],"ip":3,"op":33,"st":3,"bm":0,"sr":1}]}],"layers":[{"ddd":0,"ind":1,"ty":0,"nm":"预合成 1","refId":"comp_0","ks":{"o":{"a":0,"k":100},"r":{"a":0,"k":0},"p":{"a":0,"k":[55.5,62,0]},"a":{"a":0,"k":[54,54,0]},"s":{"a":0,"k":[80,80,100]}},"ao":0,"w":108,"h":108,"ip":0,"op":250,"st":0,"bm":0,"sr":1},{"ddd":0,"ind":2,"ty":0,"nm":"star","refId":"comp_1","ks":{"o":{"a":0,"k":100},"r":{"a":0,"k":0},"p":{"a":0,"k":[90,30.25,0]},"a":{"a":0,"k":[25,25,0]},"s":{"a":0,"k":[65,65,100]}},"ao":0,"w":50,"h":50,"ip":8,"op":58,"st":8,"bm":0,"sr":1},{"ddd":0,"ind":3,"ty":0,"nm":"star","refId":"comp_1","ks":{"o":{"a":0,"k":100},"r":{"a":0,"k":0},"p":{"a":0,"k":[62.25,54.75,0]},"a":{"a":0,"k":[25,25,0]},"s":{"a":0,"k":[65,65,100]}},"ao":0,"w":50,"h":50,"ip":12,"op":62,"st":12,"bm":0,"sr":1},{"ddd":0,"ind":4,"ty":0,"nm":"star","refId":"comp_1","ks":{"o":{"a":0,"k":100},"r":{"a":0,"k":0},"p":{"a":0,"k":[29.5,25.75,0]},"a":{"a":0,"k":[25,25,0]},"s":{"a":0,"k":[100,100,100]}},"ao":0,"w":50,"h":50,"ip":0,"op":50,"st":0,"bm":0,"sr":1},{"ddd":0,"ind":5,"ty":4,"nm":"形状图层 4","td":1,"ks":{"o":{"a":0,"k":50},"r":{"a":0,"k":0},"p":{"a":0,"k":[52.736,56.438,0]},"a":{"a":0,"k":[0,0,0]},"s":{"a":0,"k":[166,166,100]}},"ao":0,"shapes":[{"ty":"gr","it":[{"ty":"rc","d":1,"s":{"a":0,"k":[56,64]},"p":{"a":0,"k":[0,0]},"r":{"a":0,"k":10},"nm":"矩形路径 1","mn":"ADBE Vector Shape - Rect"},{"ty":"fl","c":{"a":0,"k":[1,1,1,1]},"o":{"a":0,"k":100},"r":1,"nm":"填充 1","mn":"ADBE Vector Graphic - Fill"},{"ty":"tr","p":{"a":0,"k":[1.063,-1.438],"ix":2},"a":{"a":0,"k":[0,0],"ix":1},"s":{"a":0,"k":[100,100],"ix":3},"r":{"a":0,"k":0,"ix":6},"o":{"a":0,"k":100,"ix":7},"sk":{"a":0,"k":0,"ix":4},"sa":{"a":0,"k":0,"ix":5},"nm":"变换"}],"nm":"矩形 1","np":3,"cix":2,"ix":1,"mn":"ADBE Vector Group"}],"ip":0,"op":50,"st":0,"bm":0,"sr":1},{"ddd":0,"ind":6,"ty":4,"nm":"形状图层 5","tt":1,"ks":{"o":{"a":0,"k":100},"r":{"a":0,"k":20.214},"p":{"a":1,"k":[{"i":{"x":0.833,"y":0.833},"o":{"x":0.167,"y":0.167},"n":"0p833_0p833_0p167_0p167","t":0,"s":[52.5,70.5,0],"e":[170,86.5,0],"to":[19.5833339691162,2.66666674613953,0],"ti":[-19.5833339691162,-2.66666674613953,0]},{"t":25}]},"a":{"a":0,"k":[0,0,0]},"s":{"a":0,"k":[72.975,100,100]}},"ao":0,"shapes":[{"ty":"gr","it":[{"ty":"rc","d":1,"s":{"a":0,"k":[31,140.5]},"p":{"a":0,"k":[0,0]},"r":{"a":0,"k":0},"nm":"矩形路径 1","mn":"ADBE Vector Shape - Rect"},{"ty":"fl","c":{"a":0,"k":[1,1,1,1]},"o":{"a":0,"k":100},"r":1,"nm":"填充 1","mn":"ADBE Vector Graphic - Fill"},{"ty":"tr","p":{"a":0,"k":[-66,-10.25],"ix":2},"a":{"a":0,"k":[0,0],"ix":1},"s":{"a":0,"k":[100,100],"ix":3},"r":{"a":0,"k":0,"ix":6},"o":{"a":0,"k":100,"ix":7},"sk":{"a":0,"k":0,"ix":4},"sa":{"a":0,"k":0,"ix":5},"nm":"变换"}],"nm":"矩形 1","np":3,"cix":2,"ix":1,"mn":"ADBE Vector Group"}],"ip":0,"op":50,"st":0,"bm":0,"sr":1},{"ddd":0,"ind":7,"ty":4,"nm":"形状图层 3","ks":{"o":{"a":0,"k":100},"r":{"a":0,"k":0},"p":{"a":0,"k":[55,39.125,0]},"a":{"a":0,"k":[0,0,0]},"s":{"a":0,"k":[166,166,100]}},"ao":0,"shapes":[{"ty":"gr","it":[{"ind":0,"ty":"sh","ks":{"a":0,"k":{"i":[[0.333,-0.523],[0,0],[-0.62,0],[0,0],[0,-0.434],[0.434,0],[0,0],[0,0],[0,0],[0,-0.434],[0.434,0],[0,0],[0,-0.434],[0,0],[0.434,0],[0,0],[0,0.434],[0,0],[0.434,0],[0,0],[0,0.434],[-0.434,0],[0,0],[0,0],[0,0],[0,0.434],[-0.434,0],[0,0],[0.331,0.523],[0,0],[-0.619,0],[0,0],[-0.134,-0.264],[0,0],[-0.573,-1],[0,0],[-0.743,1.55],[0,0],[-0.298,0],[0,0]],"o":[[0,0],[-0.333,0.523],[0,0],[0.434,0],[0,0.434],[0,0],[0,0],[0,0],[0.434,0],[0,0.434],[0,0],[-0.434,0],[0,0],[0,0.434],[0,0],[-0.434,0],[0,0],[0,-0.434],[0,0],[-0.434,0],[0,-0.434],[0,0],[0,0],[0,0],[-0.434,0],[0,-0.434],[0,0],[0.619,0],[0,0],[-0.331,-0.523],[0,0],[0.296,0],[0,0],[0.785,1.613],[0,0],[0.616,-1],[0,0],[0.133,-0.266],[0,0],[0.62,0]],"v":[[6.482,-6.449],[3.009,-0.864],[3.671,0.468],[4.894,0.468],[5.679,0.968],[4.894,1.468],[1.998,1.468],[1.998,3.468],[4.894,3.468],[5.679,3.968],[4.894,4.468],[2.347,4.468],[1.998,5.4],[1.998,7.098],[0.776,7.468],[-0.752,7.468],[-2.002,7.098],[-2.002,5.4],[-2.323,4.468],[-4.891,4.468],[-5.676,3.968],[-4.891,3.468],[-2.002,3.468],[-2.002,1.468],[-4.891,1.468],[-5.676,0.968],[-4.891,0.468],[-3.686,0.468],[-3.023,-0.925],[-6.483,-6.357],[-5.82,-7.532],[-4.058,-7.532],[-3.357,-7.225],[-1.643,-3.84],[-0.009,-0.532],[0.097,-0.532],[1.731,-3.902],[3.425,-7.193],[4.127,-7.532],[5.819,-7.532]],"c":true}},"nm":"路径 1","mn":"ADBE Vector Shape - Group"},{"ty":"fl","c":{"a":0,"k":[1,0.3176471,0.5254902,1]},"o":{"a":0,"k":100},"r":1,"nm":"填充 1","mn":"ADBE Vector Graphic - Fill"},{"ty":"tr","p":{"a":0,"k":[0,0],"ix":2},"a":{"a":0,"k":[0,0],"ix":1},"s":{"a":0,"k":[100,100],"ix":3},"r":{"a":0,"k":0,"ix":6},"o":{"a":0,"k":100,"ix":7},"sk":{"a":0,"k":0,"ix":4},"sa":{"a":0,"k":0,"ix":5},"nm":"变换"}],"nm":"形状 1","np":3,"cix":2,"ix":1,"mn":"ADBE Vector Group"}],"ip":0,"op":50,"st":0,"bm":0,"sr":1},{"ddd":0,"ind":8,"ty":4,"nm":"形状图层 2","ks":{"o":{"a":0,"k":100},"r":{"a":0,"k":0},"p":{"a":0,"k":[54.5,37.5,0]},"a":{"a":0,"k":[0,0,0]},"s":{"a":0,"k":[145,145,100]}},"ao":0,"shapes":[{"ty":"gr","it":[{"ind":0,"ty":"sh","ks":{"a":0,"k":{"i":[[0,0],[6.823,-1.308],[4.883,0],[2.225,-3.969],[4.57,3.013],[0,0],[-5.849,-1.155],[0,-0.841],[-7.18,0],[0,7.18],[0.157,0.808],[-4.17,2.565]],"o":[[-3.931,3.104],[-2.222,-3.981],[-4.874,0],[-6.475,-1.291],[0,0],[4.213,2.519],[-0.153,0.797],[0,7.18],[7.18,0],[0,-0.854],[5.884,-1.182],[0,0]],"v":[[32.009,-13.116],[11.356,-6.244],[0.002,-12.921],[-11.339,-6.265],[-31.879,-12.939],[-31.879,-8.001],[-12.759,-2.379],[-12.998,0.079],[0.002,13.079],[13.002,0.079],[12.757,-2.414],[32.009,-8.172]],"c":true}},"nm":"路径 1","mn":"ADBE Vector Shape - Group"},{"ty":"fl","c":{"a":0,"k":[1,0.8313725,0.6509804,1]},"o":{"a":0,"k":100},"r":1,"nm":"填充 1","mn":"ADBE Vector Graphic - Fill"},{"ty":"tr","p":{"a":0,"k":[0,0],"ix":2},"a":{"a":0,"k":[0,0],"ix":1},"s":{"a":0,"k":[100,100],"ix":3},"r":{"a":0,"k":0,"ix":6},"o":{"a":0,"k":100,"ix":7},"sk":{"a":0,"k":0,"ix":4},"sa":{"a":0,"k":0,"ix":5},"nm":"变换"}],"nm":"形状 1","np":3,"cix":2,"ix":1,"mn":"ADBE Vector Group"}],"ip":0,"op":50,"st":0,"bm":0,"sr":1},{"ddd":0,"ind":9,"ty":4,"nm":"形状图层 1","ks":{"o":{"a":0,"k":100},"r":{"a":0,"k":0},"p":{"a":0,"k":[52.938,56.429,0]},"a":{"a":0,"k":[0,0,0]},"s":{"a":0,"k":[166,166,100]}},"ao":0,"shapes":[{"ty":"gr","it":[{"ty":"rc","d":1,"s":{"a":0,"k":[56,64]},"p":{"a":0,"k":[0,0]},"r":{"a":0,"k":10},"nm":"矩形路径 1","mn":"ADBE Vector Shape - Rect"},{"ty":"fl","c":{"a":0,"k":[1,0.3176471,0.5254902,1]},"o":{"a":0,"k":100},"r":1,"nm":"填充 1","mn":"ADBE Vector Graphic - Fill"},{"ty":"tr","p":{"a":0,"k":[1.063,-1.438],"ix":2},"a":{"a":0,"k":[0,0],"ix":1},"s":{"a":0,"k":[100,100],"ix":3},"r":{"a":0,"k":0,"ix":6},"o":{"a":0,"k":100,"ix":7},"sk":{"a":0,"k":0,"ix":4},"sa":{"a":0,"k":0,"ix":5},"nm":"变换"}],"nm":"矩形 1","np":3,"cix":2,"ix":1,"mn":"ADBE Vector Group"}],"ip":0,"op":50,"st":0,"bm":0,"sr":1}]}